"","Attribute","Density-Mean","Density-Std","Heterogeneity-Mean","Heterogeneity-Std","Uniqueness-Mean","Uniqueness-Std"
"0","addresscountry","0.8815","0.17207072189461323","0.755","0.22697797249953575","0.0375","0.02129945226212793"
"0","addresslocality","0.7649999999999999","0.2813621628198551","0.15333333333333332","0.05492115560813823","0.397","0.30499289609213304"
"0","hotel_name","1.0","0.0","0.32533333333333336","0.05281413952090228","0.82375","0.3372994465851769"
"0","infrequent_part_hotel_name","0.99125","0.00956991814663707","0.083","0.03835361782153021","0.7935000000000001","0.35506853798480464"
"0","frequent_part_hotel_name","0.79075","0.1404074428226652","0.042","0.027184554438136374","0.0975","0.059780152782229215"
"0","streetaddress","0.8480000000000001","0.2966827710984692","0.4126666666666667","0.1940111680634219","0.8382499999999999","0.2995701086557202"
"0","postalcode","0.7435","0.28791376023617443","0.17033333333333334","0.13652960606891582","0.57675","0.20752730744008926"
