"","Attribute","Density-Mean","Density-Std","Heterogeneity-Mean","Heterogeneity-Std","Uniqueness-Mean","Uniqueness-Std"
"0","title","1.0","0.0","0.046","0.04101219330881975","0.8153333333333332","0.2782828297493996"
"0","venue","0.911","0.12586103447850727","0.604","0.16122034611053282","0.08366666666666667","0.14231771967444298"
"0","infrequent_part_title","0.9993333333333334","0.0005773502691896263","0.044","0.03959797974644666","0.8083333333333332","0.27488421805067914"
"0","authors","0.985","0.02100000000000002","0.1665","0.08838834764831845","0.8836666666666667","0.015695009822658083"
"0","frequent_part_title","0.45599999999999996","0.19144450893143947","0.006500000000000001","0.007778174593052023","0.03333333333333333","0.026764404221527767"
"0","year","1.0","0.0","0.3105","0.43911331111684604","0.0026666666666666666","0.0011547005383792516"
