"","Attribute","Density-Mean","Density-Std","Heterogeneity-Mean","Heterogeneity-Std","Uniqueness-Mean","Uniqueness-Std"
"0","label","0.99975","0.0005000000000000006","0.19799999999999998","0.18088394069126204","0.9974999999999999","0.0017320508075688787"
"0","deathdate","0.5217499999999999","0.0761812531620039","0.162","0.07858116822750856","0.758","0.15977692782960456"
"0","gender","0.99075","0.01129527924990496","0.13799999999999998","0.23815751090402335","0.0","0.0"
"0","birthdate","0.92925","0.05267114959823831","0.318","0.14816207341961707","0.6399999999999999","0.17082739827088628"
"0","work","0.35766666666666663","0.3540852063181027","0.09699999999999999","0.13021904622596497","0.9866666666666667","0.0032145502536643214"
